n,tiempo_recursivo(s),tiempo_iterativo(s)
10,0.00000200,0.00000100
100,0.00000200,0.00000100
300,0.00001100,0.00000100
500,0.00001000,0.00000100
800,0.00001300,0.00000200
